model,accuracy,f1_macro
Logistic Regression,0.8206686930091185,0.8232897742149371
Random Forest,0.6816109422492401,0.6719532425235645
SVM,0.8214285714285714,0.8248448622902479
Gradient Boosting,0.7621580547112462,0.7678243668763338
MLP,0.8202887537993921,0.8250689599540397
Ensemble (Voting),0.8233282674772037,0.8265297573098436
