model,accuracy,f1_macro
Logistic Regression,0.8823529411764706,0.8062102360323974
Random Forest,0.7176470588235294,0.6455840455840456
SVM,0.8647058823529412,0.7332683560753736
Gradient Boosting,0.8176470588235294,0.6694697384352558
MLP Neural Network,0.7941176470588235,0.5880307136404698
