model,accuracy,f1_macro
Logistic Regression,0.8411764705882353,0.6965225484133047
Random Forest,0.8470588235294118,0.7007030658405302
SVM,0.8352941176470589,0.6923703774521185
Naive Bayes,0.8705882352941177,0.584794061302682
Gradient Boosting,0.8823529411764706,0.5930301945339539
MLP Neural Network,0.8235294117647058,0.5494206872699424
